IEA15MW,,,
Operational parameters,,,
R,120,[m],
,v,n [rpm],omega [rad/s]
,3,5,0.523598776
,12,7.56,0.791681349
,,,
,23,10.68888889,1.119337827
,,,
dy/dx,,0.284444444,0.029786953
